n,p,demand_scale,solar_MW,carbon
1,-,1,200,35
11,1,1.155,700,40
12,1,1.1,700,40
111,11,1.33,1400,45
112,11,1.27,1400,45
121,12,1.27,1400,45
124,12,1.15,1400,45
1111,111,1.54,2150,50
1112,111,1.463,2150,50
1241,124,1.32825,2150,50
1242,124,1.265,2150,50
11111,1111,1.78,3200,50
11112,1111,1.694,3200,55
12421,1242,1.461075,3200,55
12422,1242,1.3915,3200,55
